100000,Indian,Person,Male
12820,Fallon,Pragnall,Female
12821,Augusto,Wyatt,Male
12822,Randie,Kermeen,Female
12823,Ann-marie,Bagnal,Female
12824,Eric,Redwall,Male
12825,Millicent,Seiler,Female
12826,Gordon,Hugonin,Male
12827,Corbett,Mullan,Male
12828,Agustin,Eakin,Male
12829,Wilburt,Wasiel,Male
12830,Aeriell,Island,Female
12831,Lurette,Turgoose,Female
12832,Conant,Ricciardelli,Male
12833,Aloisia,Dietz,Female
12834,Portie,Vautre,Male
12835,Amberly,Ambrozik,Female
12836,Bancroft,Meiklejohn,Male
12837,Guglielma,Hardbattle,Female
12838,Bathsheba,Kirby,Female
12839,Scott,Luter,Male
12840,Charles,McCurrie,Male
12841,Corinne,De Vile,Female
12842,Nev,Inkpen,Male
12843,Damian,Genders,Male
12844,Afton,Marishenko,Female
12845,Lenard,Constable,Male
12846,Bond,East,Male
12847,Renie,Halpin,Female
12848,Madeleine,Copas,Female
12849,Britni,Eagers,Female
12850,Cristal,de Verson,Female
12851,Egon,Churchill,Male
12852,Kimmy,Rosetti,Female
12853,Donny,Enefer,Male
12854,Fairfax,Greschik,Male
12855,Alano,Stripp,Male
12856,Arvie,Kruszelnicki,Male
12857,Ciro,O'Hare,Male
12858,Ev,Lavrick,Male
12859,Shoshana,Catling,Female
12860,Gran,Maystone,Male
12861,Osmond,Pilgrim,Male
12862,Ulrich,Farquharson,Male
12863,Eleanora,Note,Female
12864,Nelia,Doherty,Female
12865,Orelie,Thomasset,Female
12866,Kristoffer,MacCosty,Male
12867,Katine,Stolz,Female
12868,Tobin,Kubecka,Male
12869,Johan,Clohisey,Male
12870,Isabelle,Emburey,Female
12871,Shannon,Colten,Female
12872,Ninette,Tuft,Female
12873,Gherardo,Duncan,Male
12874,Rivkah,Bratch,Female
12875,Sheba,Bourgourd,Female
12876,Wittie,Leaver,Male
12877,Archambault,Pinsent,Male
12878,Dyann,Woodyear,Female
12879,Kenn,Sicily,Male
12880,Emory,Force,Male
12881,Shari,Konzelmann,Female
12882,Grannie,McBeith,Male
12883,Tommi,Emlin,Female
12884,Letitia,Emer,Female
12885,Gregor,Torvey,Male
12886,Bidget,Merryfield,Female
12887,Trueman,Headrick,Male
12888,Jacquie,Gooke,Female
12889,Kennan,Bryan,Male
12890,Giuseppe,Levay,Male
12891,Ced,Drohane,Male
12892,Wye,Creany,Male
12893,Wandie,Gabler,Female
12894,Alf,McDyer,Male
12895,Mickie,Hanhart,Female
12896,Arny,Dron,Male
12897,Norry,Soldi,Male
12898,Fairleigh,Hardesty,Male
12899,Che,Waugh,Male
12900,Monika,Iacovacci,Female
12901,Amil,Pieper,Female
12902,Edna,Klagge,Female
12903,Lenka,Pimerick,Female
12904,Shir,Wildsmith,Female
12905,Selina,Vallow,Female
12906,Katheryn,Adrien,Female
12907,Ode,Chomiszewski,Male
12908,Sharron,Seebert,Female
12909,Adah,Fellman,Female
12910,Teddie,Becket,Male
12911,Blondell,Westrey,Female
12912,Gerianna,Crookall,Female
12913,Corbet,Bumby,Male
12914,Aimee,Rubinek,Female
12915,Fairleigh,Gaylor,Male
12916,Fredra,Leece,Female
12917,Elisabetta,Blaksley,Female
12918,Willi,Byforth,Male
12919,Remus,Smouten,Male
12920,Reyna,Ricard,Female
12921,Halie,Audritt,Female
12922,Anna-maria,Hallowes,Female
12923,Lauritz,Forre,Male
12924,Sylvan,Bonnett,Male
12925,Wynne,Stenett,Female
12926,Melody,Daubeny,Female
12927,Nelle,Aizkovitch,Female
12928,Eziechiele,Brantzen,Male
12929,Bay,Panther,Male
12930,Royce,Lednor,Male
12931,Tabbie,Durrand,Male
12932,Gerhardt,Fermer,Male
12933,Orelie,Duckers,Female
12934,Renado,Farlowe,Male
12935,Curry,Beagen,Male
12936,Eimile,Arrow,Female
12937,Bone,Melrose,Male
12938,Araldo,MacAughtrie,Male
12939,Derril,Swann,Male
12940,Kelcy,Johnston,Female
12941,Maggie,Sandyford,Female
12942,Amalea,Boscher,Female
12943,Alisa,Boyse,Female
12944,Iseabal,Linggard,Female
12945,Moreen,Ivashin,Female
12946,Warren,Howison,Male
12947,Pru,Polendine,Female
12948,Ike,Brazil,Male
12949,Farra,Martinets,Female
12950,Clifford,Dake,Male
12951,Fenelia,Fettes,Female
12952,Burke,Funcheon,Male
12953,Chaim,Tocknell,Male
12954,Sumner,Kilmary,Male
12955,Samuele,Ambrozewicz,Male
12956,Cassondra,Ivashechkin,Female
12957,Estrellita,Elstob,Female
12958,Daune,Unsworth,Female
12959,Marley,Chark,Female
12960,Dinnie,Clawson,Female
12961,Burl,Unwins,Male
12962,Gunther,Tottle,Male
12963,Roddy,Dautry,Male
12964,Isidro,Sackler,Male
12965,Kit,Comley,Male
12966,Paxton,Stubbert,Male
12967,Sansone,Faughey,Male
12968,Reena,Janton,Female
12969,Jaime,Simpkins,Female
12970,Rossy,Skeene,Male
12971,Jacinthe,Acutt,Female
12972,Salomon,Tilney,Male
12973,Ansel,Snape,Male
12974,Konstantine,Slemmonds,Male
12975,Nomi,Dennick,Female
12976,Beatrix,De Santos,Female
12977,Griselda,Regler,Female
12978,Simmonds,Fensome,Male
12979,Valina,Atkirk,Female
12980,Gerik,Malloch,Male
12981,Cinda,Zima,Female
12982,Anabelle,Romi,Female
12983,Van,Hawford,Male
12984,Gun,Cranna,Male
12985,Phillie,Wabersich,Female
12986,Ewan,Farra,Male
12987,Egor,Atto,Male
12988,Mervin,Wharton,Male
12989,Vance,Caile,Male
12990,Lowrance,Sedgman,Male
12991,Cecilio,Bover,Male
12992,Katleen,Overnell,Female
12993,Rafferty,Kovacs,Male
12994,Selig,O'Devey,Male
12995,Gusta,Costell,Female
12996,Berthe,Newcombe,Female
12997,Harriott,Garatty,Female
12998,Jacob,Genney,Male
12999,Cathryn,Pinock,Female
13000,Jess,Winspeare,Female
13001,Sarge,Ziemecki,Male
13002,Catharine,Pennazzi,Female
13003,Joannes,Meneer,Female
13004,Valina,Radwell,Female
13005,Bond,Ephson,Male
13006,Nehemiah,Jopling,Male
13007,Tarah,Burder,Female
13008,Griffith,Acres,Male
13009,Glynda,Fonzone,Female
13010,Daphne,Pringle,Female
13011,Herve,McEwen,Male
13012,Pru,Tucker,Female
13013,Luciano,Seiller,Male
13014,Christina,Ingram,Female
13015,Bobby,Jirusek,Male
13016,Madeline,Shakelade,Female
13017,Christophe,Squelch,Male
13018,Niki,Bennallck,Male
13019,Sheilakathryn,Lissimore,Female
13020,Ebeneser,Janauschek,Male
13021,Tanya,Howsam,Female
13022,Freemon,Bollard,Male
13023,Arlette,Kirkbright,Female
13024,Gui,Theaker,Female
13025,Colver,Mersey,Male
13026,Dolph,Colhoun,Male
13027,Yurik,Rickis,Male
13028,Reuven,St. Queintain,Male
13029,Merrile,Waddy,Female
13030,Lind,Empson,Female
13031,Debbie,Layfield,Female
13032,Rheta,De Laci,Female
13033,Harriett,Orrom,Female
13034,Sidney,Tassel,Male
13035,Benn,Ripper,Male
13036,Robb,McVicker,Male
13037,Kin,Betun,Male
13038,Kanya,Ragless,Female
13039,Boigie,Filintsev,Male
13040,Ibbie,Churchouse,Female
13041,Gisele,Lusk,Female
13042,Ragnar,Boultwood,Male
13043,Thomasine,Raftery,Female
13044,Mandie,Dormer,Female
13045,Verney,Camell,Male
13046,Penelope,Murrell,Female
13047,Sarena,Absolom,Female
13048,Earvin,Cruden,Male
13049,Lenna,Eppson,Female
13050,Barney,Payle,Male
13051,Swen,Snazel,Male
13052,Haze,Smithen,Male
13053,Estevan,Trittam,Male
13054,Sioux,O'Doohaine,Female
13055,Bab,Sisley,Female
13056,Shaun,Griffoen,Male
13057,Hadley,Calabry,Male
13058,Cher,McAneny,Female
13059,Rahel,Magwood,Female
13060,Justis,Kretschmer,Male
13061,Melva,Harnett,Female
13062,Carree,Aleksandrikin,Female
13063,Elisa,Aiskrigg,Female
13064,Belinda,Pulley,Female
13065,Ignatius,Fairfoull,Male
13066,Kristien,Shepherdson,Female
13067,Bram,Gipp,Male
13068,Darcy,Gouley,Male
13069,Marcellus,Bedells,Male
13070,Uri,Francescotti,Male
13071,Shamus,Phalip,Male
13072,Mimi,Carnier,Female
13073,Linc,Revie,Male
13074,Carolina,Comport,Female
13075,Delcina,Garthland,Female
13076,Roley,Gonneau,Male
13077,Godiva,Barrable,Female
13078,Cam,Spurman,Female
13079,Emmy,Pues,Female
13080,Moises,Raftery,Male
13081,Maryjane,Shynn,Female
13082,Tyler,Keilty,Male
13083,Luther,Rait,Male
13084,Irving,Brosi,Male
13085,Amby,McAster,Male
13086,Gus,Grumley,Male
13087,Hedvig,Stains,Female
13088,Nan,Growcock,Female
13089,Tammie,Rackham,Male
13090,Denice,Revens,Female
13091,Koren,Karlmann,Female
13092,Lory,Marzello,Female
13093,Wilhelmina,Imos,Female
13094,Ketty,Parratt,Female
13095,Immanuel,Wong,Male
13096,Emelda,Doyle,Female
13097,Tate,Duchesne,Male
13098,Devonne,Lafond,Female
13099,Mandel,Landre,Male
13100,Devon,O'Shesnan,Female
13101,Weston,Le Grove,Male
13102,Aldus,Shulver,Male
13103,Muffin,Wychard,Male
13104,Anabella,Patient,Female
13105,Joanne,Berrisford,Female
13106,Loise,Tague,Female
13107,Vinson,Pechard,Male
13108,Harwell,Ferreres,Male
13109,Farah,Thorndycraft,Female
13110,Clyde,Sporton,Male
13111,Cordi,Cumming,Female
13112,Bree,Elverston,Female
13113,Bethanne,Duxbarry,Female
13114,Field,Torricella,Male
13115,Monti,Chennells,Male
13116,Zelda,Burness,Female
13117,Lloyd,Grivori,Male
13118,Bryn,Hambrook,Female
13119,Michaela,Dyball,Female
13120,Burgess,Sivier,Male
13121,Gretta,Macvain,Female
13122,Fey,Ginnell,Female
13123,Juliane,Juhruke,Female
13124,Odette,Housbie,Female
13125,Cal,Duerdin,Male
13126,Tiena,Danet,Female
13127,Tuck,Childs,Male
13128,Cindelyn,Grimsdale,Female
13129,Vachel,Soldan,Male
13130,Bobbee,Towse,Female
13131,Yancy,Sidry,Male
13132,Tani,Darley,Female
13133,Boot,Wahlberg,Male
13134,Jehu,Gyrgorwicx,Male
13135,Niven,Andrini,Male
13136,Nate,Roskruge,Male
13137,Bethany,Bastian,Female
13138,Lev,Peacey,Male
13139,Dorelle,Hutcheson,Female
13140,Gabby,Cleaton,Male
13141,Aidan,Kornilov,Female
13142,Hall,Falconer-Taylor,Male
13143,Ladonna,Musprat,Female
13144,Deeanne,Hayball,Female
13145,Berty,Sey,Female
13146,Stephannie,Cleevely,Female
13147,Allie,Critzen,Male
13148,Harold,Wraxall,Male
13149,Jandy,Retallick,Female
13150,Theresita,Braunstein,Female
13151,Boniface,Scocroft,Male
13152,Nicko,Sobtka,Male
13153,Mavra,Damrel,Female
13154,Casar,Kryszka,Male
13155,Danielle,Armell,Female
13156,Gustavus,Wink,Male
13157,Aaren,Moriarty,Female
13158,Brandais,Giacubo,Female
13159,Ivor,Butterfint,Male
13160,Clare,Sheeran,Male
13161,Shanta,Faunch,Female
13162,Francois,Buxy,Male
13163,Symon,Keeler,Male
13164,Eddie,Harbisher,Male
13165,Rozele,Scoines,Female
13166,Auroora,McElwee,Female
13167,Fraze,Seedull,Male
13168,James,Posnett,Male
13169,Caresse,Gadney,Female
13170,Ewell,Shorey,Male
13171,Timofei,Joney,Male
13172,Bent,Scedall,Male
13173,Glennis,Tedstone,Female
13174,Gwendolin,Korlat,Female
13175,Anissa,Baddoe,Female
13176,Niles,Lodder,Male
13177,Frederico,Wrathmall,Male
13178,Fanny,Crosio,Female
13179,Elinor,Luesley,Female
13180,Carilyn,Buss,Female
13181,Andre,Dykas,Male
13182,Milton,Manclark,Male
13183,Allyce,Klosges,Female
13184,Moyna,Gradwell,Female
13185,Ulises,Rolance,Male
13186,Lurlene,Brotherwood,Female
13187,Delia,Phizaclea,Female
13188,Tally,Hilling,Male
13189,Quinton,Ayllett,Male
13190,Philippine,Persicke,Female
13191,Benedict,Toleman,Male
13192,D'arcy,Morphey,Male
13193,Weidar,Camoletto,Male
13194,Dori,Condy,Female
13195,Chickie,Nacci,Male
13196,Ranee,Kearle,Female
13197,Alvin,Drinkhall,Male
13198,Gerry,Dorsett,Female
13199,Linet,Sandercock,Female
13200,Ambros,Domonkos,Male
13201,Enos,Lacknor,Male
13202,Vladamir,Keogh,Male
13203,Berkly,Mulvaney,Male
13204,Barnie,Gomer,Male
13205,Selle,Shimon,Female
13206,Benoit,Elvidge,Male
13207,Sebastian,McGibbon,Male
13208,Evita,Crut,Female
13209,Nelson,Burgiss,Male
13210,Vale,Annice,Male
13211,Free,Dumberell,Male
13212,Roseann,Corbridge,Female
13213,Weber,Lemon,Male
13214,Scottie,Padgham,Male
13215,Jeana,Lowles,Female
13216,Donal,Fareweather,Male
13217,Clint,Stonebanks,Male
13218,Kingston,Matoshin,Male
13219,Marietta,Hewins,Female
13220,Harrietta,Gusney,Female
13221,Shawna,Gentle,Female
13222,Bettine,McBrier,Female
13223,Daryn,Fawdrie,Female
13224,Shelley,Knowlys,Female
13225,Shantee,Hughesdon,Female
13226,Lynelle,Abbie,Female
13227,Sauncho,Duncan,Male
13228,Mile,Paunton,Male
13229,Ryun,Warnes,Male
13230,Giselbert,Sibbald,Male
13231,Carey,Meni,Male
13232,Marin,Dufer,Female
13233,Floyd,Dow,Male
13234,Mathew,Jaggli,Male
13235,Justin,Manhare,Male
13236,Luke,Lensch,Male
13237,Kenny,Tull,Male
13238,Micheline,Dehn,Female
13239,Jacinthe,Boud,Female
13240,Lorilee,Carberry,Female
13241,Winna,Weatherup,Female
13242,Jed,Pusill,Male
13243,Lorelei,Headrick,Female
13244,Biddie,Beedon,Female
13245,Elvis,Salaman,Male
13246,Korella,Stoakes,Female
13247,Roarke,Elt,Male
13248,Wendye,Torbett,Female
13249,Olwen,Mattheis,Female
13250,Kendre,de Clerk,Female
13251,De,Bresner,Female
13252,Chane,Lay,Male
13253,Amandi,Levet,Female
13254,Prince,Greenman,Male
13255,Broddie,Ovington,Male
13256,Shurlocke,Mandre,Male
13257,Urbanus,Bestar,Male
13258,Raddie,Pinhorn,Male
13259,Marley,Pragnell,Female
13260,Thorny,Dearnley,Male
13261,Cariotta,Blasi,Female
13262,Trip,Utton,Male
13263,Kipper,Nucator,Male
13264,Georgina,Jostan,Female
13265,Noach,Lernihan,Male
13266,Jacquenette,Schellig,Female
13267,Hollis,Ossipenko,Male
13268,Rickert,Vosper,Male
13269,Timmie,Lanktree,Male
13270,Terrijo,Aleso,Female
13271,Holly,Richard,Male
13272,Reiko,Handlin,Female
13273,Vincenz,Sevitt,Male
13274,Quintus,Filmer,Male
13275,Moritz,Rustidge,Male
13276,Holmes,Galiford,Male
13277,Mohandas,Durnell,Male
13278,Tera,Comelli,Female
13279,Purcell,Rycroft,Male
13280,Doretta,Wadman,Female
13281,Avery,Sallan,Male
13282,Bink,Baudouin,Male
13283,Reyna,Everit,Female
13284,Binky,Eede,Male
13285,Shay,Turri,Male
13286,Bev,Seamarke,Male
13287,Mycah,Gouinlock,Male
13288,Ethan,Canto,Male
13289,Sansone,Franzman,Male
13290,Bonnee,Napoleon,Female
13291,Nataniel,Deeks,Male
13292,Clayton,Vernay,Male
13293,Trever,Swindell,Male
13294,Julieta,Genders,Female
13295,Kilian,Duerden,Male
13296,Francisco,Insoll,Male
13297,Lars,Ashfold,Male
13298,Neal,Giovannoni,Male
13299,Hanna,Idwal Evans,Female
13300,Lissie,Weighell,Female
13301,Mag,Farnham,Female
13302,Virgie,Currom,Female
13303,Shermy,Tiplady,Male
13304,Liz,Goor,Female
13305,Eva,Dutton,Female
13306,Johan,Greenstreet,Male
13307,Dylan,Mably,Male
13308,Vidovic,Pirri,Male
13309,Calli,Jancar,Female
13310,Pen,Muncie,Female
13311,Sayres,Johnes,Male
13312,Lurlene,Bautiste,Female
13313,Barbabas,Makeswell,Male
13314,Joeann,Canwell,Female
13315,Teresina,Semper,Female
13316,Anica,Zorzenoni,Female
13317,Willis,Winder,Male
13318,Maria,Probets,Female
13319,Reinwald,Speedy,Male
13320,Jule,Smaridge,Male
13321,Frank,Leggett,Female
13322,Waring,Darlaston,Male
13323,Roselle,Ashton,Female
13324,Alfy,Lawland,Male
13325,Germayne,Gleasane,Male
13326,Sibella,Ecob,Female
13327,Hershel,Girardot,Male
13328,Andrus,Abbitt,Male
13329,Katy,Wickett,Female
13330,Peadar,Bosley,Male
13331,Montague,Morforth,Male
13332,Rafferty,Pitney,Male
13333,Melloney,Rolfo,Female
13334,Hal,Prise,Male
13335,Frank,Keddy,Female
13336,Josee,Winley,Female
13337,Chancey,Mumbey,Male
13338,Huntlee,Bugge,Male
13339,Kevon,Camelia,Male
13340,Fayette,Spellward,Female
13341,Amanda,Ramble,Female
13342,Ezechiel,Irving,Male
13343,Consolata,Cavendish,Female
13344,Cecile,Fulop,Female
13345,Daune,Scott,Female
13346,Sherman,Zylbermann,Male
13347,Correy,Paybody,Male
13348,Harley,Senechault,Male
13349,Agretha,Passo,Female
13350,Gunter,Gabbitus,Male
13351,Nerta,Caps,Female
13352,Timoteo,Storre,Male
13353,Fredia,Wilds,Female
13354,Nealon,Meanwell,Male
13355,Claudelle,Berka,Female
13356,Arel,Koschek,Male
13357,Lutero,Haythorn,Male
13358,Haydon,Farmar,Male
13359,Rayner,Lindner,Male
13360,Kellen,Nathan,Female
13361,Saundra,Burniston,Male
13362,Ram,Slight,Male
13363,Rolf,Thomtson,Male
13364,Alice,Branchet,Female
13365,Sandy,Haw,Female
13366,Rowan,Steeples,Male
13367,Lorrin,Joseph,Female
13368,Petr,Cazalet,Male
13369,Fairlie,Hugnot,Male
13370,Delly,Medina,Female
13371,Marika,Dybald,Female
13372,Reade,Petyankin,Male
13373,Carree,Zarfat,Female
13374,Wendall,Greaves,Male
13375,Rolfe,Tregidgo,Male
13376,Becka,Vaney,Female
13377,Trenna,Duffield,Female
13378,Tod,Delamere,Male
13379,Viole,Oertzen,Female
13380,Lesli,Witt,Female
13381,Marisa,Wedge,Female
13382,Ban,Manvell,Male
13383,Franzen,Gosford,Male
13384,Marrissa,Roll,Female
13385,Erroll,Beadnall,Male
13386,Mar,Oseland,Male
13387,Isacco,Trodd,Male
13388,Liliane,McNab,Female
13389,Neda,Foxley,Female
13390,Pate,Tomney,Male
13391,Claudell,Krugmann,Male
13392,Gilda,Heiner,Female
13393,Ariana,Rickert,Female
13394,Cly,Housego,Male
13395,Kingsley,Cogger,Male
13396,Godwin,Josebury,Male
13397,Leslie,Paoli,Male
13398,Kennith,Davidson,Male
13399,Trey,Belcher,Male
13400,Giustina,Elesander,Female
13401,Johnathan,Copas,Male
13402,Jimmy,Meedendorpe,Male
13403,Amata,Petow,Female
13404,Christie,Asif,Female
13405,Margarete,Panchen,Female
13406,Zorah,Donald,Female
13407,Kessiah,Wheble,Female
13408,Twyla,Jeppensen,Female
13409,Ermanno,Carletto,Male
13410,Carleen,Huleatt,Female
13411,Jenni,Deighton,Female
13412,Sissie,Casiero,Female
13413,Carolyn,Juanes,Female
13414,Viviene,Smithin,Female
13415,Rawley,Coulthard,Male
13416,Susannah,Cosgreave,Female
13417,Kellen,Derycot,Male
13418,Jedediah,Gheorghe,Male
13419,Benjamin,Maso,Male
13420,Norry,Anderer,Male
13421,Mal,Bordman,Male
13422,Jessie,Rossi,Female
13423,Boothe,Lowson,Male
13424,Arabelle,Jirka,Female
13425,Sindee,Glusby,Female
13426,Felike,Patriskson,Male
13427,Biddie,McMonies,Female
13428,Carleton,Rolance,Male
13429,Hilarius,Kunzel,Male
13430,Gertie,Jinda,Female
13431,Mel,Amiss,Male
13432,Les,Diben,Male
13433,Teena,Stinchcombe,Female
13434,Sandy,Oxbrough,Female
13435,Emilie,Proske,Female
13436,Josie,Flanner,Female
13437,Papageno,Locks,Male
13438,Avis,Riepl,Female
13439,Angela,Pyrton,Female
13440,Dotty,Colling,Female
13441,Mady,McLay,Female
13442,Teirtza,Capron,Female
13443,Chick,Andreone,Male
13444,Heinrick,Vaskov,Male
13445,Deonne,Mackinder,Female
13446,Augie,Gamlin,Male
13447,Donnie,Purviss,Female
13448,Yance,Secretan,Male
13449,Whitney,Axup,Male
13450,Deeann,Leechman,Female
13451,Sutton,Dunston,Male
13452,Georgiana,Dossettor,Female
13453,Neron,Malyon,Male
13454,Hewitt,Couche,Male
13455,Sid,Dionisi,Male
13456,Cindi,Aleshkov,Female
13457,Tadeas,Durak,Male
13458,Colline,Alessandrini,Female
13459,Falkner,Kenn,Male
13460,Christabel,Bumby,Female
13461,Alisander,Addinall,Male
13462,Hale,Pinard,Male
13463,Franzen,Di Giorgio,Male
13464,Alwin,Pietri,Male
13465,Mordecai,Doubleday,Male
13466,Farrell,Eisenberg,Male
13467,Gifford,Antonelli,Male
13468,Jarred,Cooley,Male
13469,Darius,Bullocke,Male
13470,Marlow,Edelston,Male
13471,Boycie,Scroyton,Male
13472,Kermie,Cochrane,Male
13473,Beatrice,Burgwin,Female
13474,Wakefield,Butt,Male
13475,Denna,O'Carrol,Female
13476,Cal,Giovannacci,Male
13477,Land,Lambrecht,Male
13478,Arabela,Shilstone,Female
13479,Saw,Celle,Male
13480,Jimmy,Sprigg,Male
13481,Bertrand,Dechelle,Male
13482,Andie,Dilrew,Female
13483,Bella,Kalinsky,Female
13484,Quent,Sealeaf,Male
13485,Rufus,O'Shesnan,Male
13486,Ruddie,Whacket,Male
13487,Joey,Hackworth,Female
13488,Theodora,Abbott,Female
13489,Kath,Yekel,Female
13490,Linnie,Stockey,Female
13491,Marguerite,D'Ambrogi,Female
13492,Bartlett,Pyrton,Male
13493,Josiah,Gawthorp,Male
13494,Jorge,Leipelt,Male
13495,Bennie,Groocock,Male
13496,Jude,De la Eglise,Male
13497,Horace,Demaid,Male
13498,Ephrem,Grinin,Male
13499,Rodd,Baulch,Male
13500,Aylmar,Courtney,Male
13501,Meier,Kalvin,Male
13502,Ruperto,Shreeve,Male
13503,Hilde,Steptow,Female
13504,Hogan,Gavrieli,Male
13505,Hedwiga,Trahair,Female
13506,Berta,Breissan,Female
13507,Gavrielle,Collier,Female
13508,Marian,Mazzia,Female
13509,Estele,Greder,Female
13510,Carri,Mulloch,Female
13511,Cherin,Poleye,Female
13512,Bunnie,Johnstone,Female
13513,Neel,Doone,Male
13514,Jude,McEniry,Male
13515,Dion,Ewbanche,Female
13516,Adorne,Georgiev,Female
13517,Pearla,Spellacey,Female
13518,Bab,Cawtheray,Female
13519,Eirena,Paula,Female
13520,Farleigh,Webling,Male
13521,Haslett,Vynoll,Male
13522,Hedi,Twiddle,Female
13523,Emelita,Leeke,Female
13524,Marney,Lymbourne,Female
13525,Luca,Patsall,Male
13526,Beryl,Takos,Female
13527,Andreana,Dosdill,Female
13528,Agace,McReynolds,Female
13529,Emma,Yuryatin,Female
13530,Cornela,Androck,Female
13531,Damian,Eva,Male
13532,Ruthann,Charnick,Female
13533,Joeann,Sackes,Female
13534,Winne,Le Conte,Female
13535,Dan,Jarvie,Male
13536,Kizzee,Gosland,Female
13537,Eolanda,Filyukov,Female
13538,Casi,Whitlock,Female
13539,Odessa,Traylen,Female
13540,Ramona,Littlekit,Female
13541,Andriana,O'Teague,Female
13542,Sasha,MacGaughy,Male
13543,Jozef,Crowcroft,Male
13544,Arv,Palmar,Male
13545,Elayne,Oak,Female
13546,Oswell,Dederich,Male
13547,Perceval,Baszniak,Male
13548,Alan,Gatrell,Male
13549,Zed,Phette,Male
13550,Haleigh,Urion,Female
13551,Tobin,Knibb,Male
13552,Arie,Gore,Male
13553,Meryl,Beesley,Female
13554,Saidee,Tremontana,Female
13555,Urbain,Rimington,Male
13556,Waylin,Safhill,Male
13557,Ofilia,De Meyer,Female
13558,Tom,Strover,Male
13559,Cecilius,Harvett,Male
13560,Ransell,Chapier,Male
13561,Cathlene,McDuff,Female
13562,Brodie,Pencot,Male
13563,Gram,Utridge,Male
13564,Annemarie,Janicijevic,Female
13565,Arther,Di Claudio,Male
13566,Kenny,Matessian,Male
13567,Josiah,Osbaldstone,Male
13568,Ellsworth,Stittle,Male
13569,Marjie,Riveles,Female
13570,Rex,O'Fergus,Male
13571,Ertha,Yellowlee,Female
13572,Tremayne,Dignon,Male
13573,Sutherland,Youens,Male
13574,Jdavie,April,Male
13575,Ernestine,Josuweit,Female
13576,Clara,Cumbers,Female
13577,Marna,Deinert,Female
13578,Gabrila,Serman,Female
13579,Selig,Bergstrand,Male
13580,Judon,von Grollmann,Male
13581,Caro,Christopherson,Female
13582,Ellene,Scotford,Female
13583,Lilllie,Falkous,Female
13584,Nikolai,Ilewicz,Male
13585,Merralee,Gaughan,Female
13586,Hammad,Wattam,Male
13587,Teresa,Feavearyear,Female
13588,Ash,Trowsdale,Male
13589,Kira,Vayro,Female
13590,Vernor,Okie,Male
13591,Meggie,Foux,Female
13592,Bobine,Buxton,Female
13593,Franni,Davisson,Female
13594,Melicent,Juan,Female
13595,Elsey,Dewick,Female
13596,Colman,Dunnet,Male
13597,Sarene,Greenman,Female
13598,Guenevere,Acom,Female
13599,Rogers,Franzini,Male
13600,Alina,Brettor,Female
13601,Mehetabel,Mattaus,Female
13602,Carver,Bothe,Male
13603,Alyse,Brayson,Female
13604,Charmaine,Idiens,Female
13605,Orville,Sabey,Male
13606,Lorrie,Hadley,Male
13607,Robenia,Mayes,Female
13608,Bendicty,Littledike,Male
13609,Augustine,Isles,Female
13610,Westbrooke,Brixey,Male
13611,Clyve,Kroger,Male
13612,Guillaume,Beathem,Male
13613,Robyn,Brookes,Female
13614,Patton,McGann,Male
13615,Lane,Twelve,Female
13616,Antonie,Gymlett,Female
13617,Lorinda,Tooth,Female
13618,Stanislas,Murley,Male
13619,Gino,Borlease,Male
13620,Cherise,Orry,Female
13621,Albie,Forkan,Male
13622,Chad,Abyss,Female
13623,Nada,Sailes,Female
13624,Aguste,Plumstead,Male
13625,Bernhard,Baylay,Male
13626,Nevins,Hadgraft,Male
13627,Catriona,Buckett,Female
13628,Johannes,Frape,Male
13629,Richardo,Critchley,Male
13630,Teirtza,Beattie,Female
13631,Mead,Bower,Female
13632,Winnah,Beaves,Female
13633,Star,Bill,Female
13634,Bobbe,Jewster,Female
13635,Eliot,Klement,Male
13636,Alysa,Pead,Female
13637,Rosemaria,Thring,Female
13638,Simeon,Snartt,Male
13639,Fonz,Esslement,Male
13640,Parrnell,Mangham,Male
13641,Carey,Euler,Male
13642,Ania,Oldred,Female
13643,Wainwright,Faas,Male
13644,Zebadiah,Mechell,Male
13645,Odessa,Badby,Female
13646,Graig,Gianullo,Male
13647,Cherida,Danton,Female
13648,Lorin,Antcliff,Male
13649,Kailey,Burhouse,Female
13650,Clarita,Sofe,Female
13651,Aguie,Jordi,Male
13652,Kendal,Zelley,Male
13653,Shantee,Botton,Female
13654,Di,Rickis,Female
13655,Chryste,Mellor,Female
13656,Bev,Blatchford,Female
13657,Glenda,Starsmeare,Female
13658,Pris,Mitford,Female
13659,Cicily,Cleevely,Female
13660,Erin,Sexstone,Male
13661,Jefferey,Fisk,Male
13662,Vinita,Klaassens,Female
13663,Elise,Coltart,Female
13664,Kristi,Priditt,Female
13665,Olympia,Tamburo,Female
13666,Vaclav,Wadlow,Male
13667,Cassius,Sutton,Male
13668,Lizette,Clapshaw,Female
13669,Dalli,Bowland,Male
13670,Diann,Dommett,Female
13671,Mikel,Sidnell,Male
13672,Valle,Hovenden,Male
13673,Darla,Wrighton,Female
13674,Berget,Lusher,Female
13675,Octavius,Matula,Male
13676,Jasmin,Bremen,Female
13677,Garrek,Walesa,Male
13678,Brietta,Gillespie,Female
13679,Glennis,Capnerhurst,Female
13680,Lenora,Cornil,Female
13681,Em,Pidgeley,Male
13682,Perceval,Wittier,Male
13683,Byrle,Arcase,Male
13684,Viv,Lodford,Female
13685,Samuel,Udall,Male
13686,Glynn,Ingerson,Male
13687,Stillmann,Glynn,Male
13688,Conrado,Metson,Male
13689,Simone,Hiner,Male
13690,Elsbeth,Hardison,Female
13691,Matti,Charity,Female
13692,Morten,Grieswood,Male
13693,Errick,O'Loughane,Male
13694,Nickola,Cheesley,Male
13695,Rosabel,Todd,Female
13696,Joyous,Faudrie,Female
13697,Jephthah,Rossetti,Male
13698,Alick,Menco,Male
13699,Lianna,Loudon,Female
13700,Ginny,Wybron,Female
13701,Barthel,Billyard,Male
13702,Uta,Sides,Female
13703,Ward,Netherclift,Male
13704,Sarah,Cheverell,Female
13705,Xavier,Renwick,Male
13706,Ripley,Mordue,Male
13707,Barbette,Fincke,Female
13708,Wainwright,Clew,Male
13709,Benson,Adamides,Male
13710,Malva,Sotheron,Female
13711,Maribel,Boyes,Female
13712,Tiebold,Livingston,Male
13713,Gun,Urrey,Male
13714,Jimmie,Timothy,Male
13715,Adora,Teager,Female
13716,Diane,Duckering,Female
13717,Darb,Cornil,Female
13718,Jannelle,Tibbetts,Female
13719,Devinne,Izkovici,Female
13720,Danyette,Smeal,Female
13721,Colman,Rabat,Male
13722,Thayne,Lassells,Male
13723,Gladi,Honniebal,Female
13724,Barb,Hartlebury,Female
13725,Bordie,Ilyinski,Male
13726,Corrina,June,Female
13727,Hermy,Grabb,Male
13728,Vyky,Thring,Female
13729,Cyndy,Ruppertz,Female
13730,Austin,Brackenridge,Female
13731,Betta,Server,Female
13732,Jeniece,McWhinnie,Female
13733,Nollie,Dando,Male
13734,Augustine,Yes,Male
13735,Marlowe,Cradey,Male
13736,Bertha,Skudder,Female
13737,Stewart,Narrie,Male
13738,Faye,Cottam,Female
13739,Arthur,Kitley,Male
13740,Grace,Frarey,Female
13741,Evania,Calderonello,Female
13742,Cash,Buttwell,Male
13743,Hurleigh,Schusterl,Male
13744,Martynne,Thow,Female
13745,Gal,Blanchet,Male
13746,Ryley,Larcier,Male
13747,Katerine,Astlett,Female
13748,Jule,Maggs,Male
13749,Valentina,Pieroni,Female
13750,Row,Gerardeaux,Female
13751,Vittorio,Parkins,Male
13752,Fleurette,Bloss,Female
13753,Charles,Edgeson,Male
13754,Garvey,Broughton,Male
13755,Antonina,Leavens,Female
13756,Sunshine,Deely,Female
13757,Debee,Shower,Female
13758,Ilse,Truluck,Female
13759,Bartolemo,Curlis,Male
13760,Georgetta,Gozard,Female
13761,Adlai,Bartoszek,Male
13762,Ethelbert,Vosper,Male
13763,Ivonne,Morstatt,Female
13764,Aloise,Leithgoe,Female
13765,Dusty,Farries,Female
13766,Yorker,Thirst,Male
13767,Delbert,Eisikowitch,Male
13768,Leslie,Treven,Male
13769,Nat,Cleverly,Female
13770,Sol,Sherar,Male
13771,Krispin,Edinburough,Male
13772,Shandy,Mallabon,Female
13773,Efren,White,Male
13774,Thadeus,Shemmin,Male
13775,Hedvig,Fontel,Female
13776,Kaia,Basso,Female
13777,Goldarina,Guilder,Female
13778,Dael,Rymmer,Female
13779,Fielding,Dargan,Male
13780,Donalt,Hynson,Male
13781,Essa,Ludlamme,Female
13782,Beauregard,Callear,Male
13783,Claudius,Smallsman,Male
13784,Myles,Meatcher,Male
13785,Mireielle,Korpolak,Female
13786,Myrta,Iozefovich,Female
13787,Alfie,Cess,Female
13788,Joshuah,Espada,Male
13789,Clark,Purselowe,Male
13790,Rachael,Towe,Female
13791,Kendall,Downage,Male
13792,Jocelyne,Ughini,Female
13793,Abbey,Hansana,Male
13794,Rickert,Cooley,Male
13795,Tuck,Dibdin,Male
13796,Edith,O'Growgane,Female
13797,Claudie,Barth,Female
13798,Jedd,Ripsher,Male
13799,Deeann,Duquesnay,Female
13800,Catherine,Castagnasso,Female
13801,Kalinda,Knight,Female
13802,Leelah,Backhurst,Female
13803,Christoph,Paty,Male
13804,Alyson,Nairn,Female
13805,Calvin,Jurgensen,Male
13806,Dalt,Ryman,Male
13807,Abagael,Winspur,Female
13808,Rosabella,Possel,Female
13809,Cornell,Sayse,Male
13810,Bram,Bingall,Male
13811,Germaine,Lidierth,Male
13812,Eduardo,Eaken,Male
13813,Egor,Klaggeman,Male
13814,Rodie,Grelak,Female
13815,Sheela,Fintoph,Female
13816,Devonna,Vollam,Female
13817,Brose,Jurek,Male
13818,Dotti,Casini,Female
13819,Juieta,McAmish,Female
